epoch,train_loss,val_macro_f1,val_acc,val_auc,rho
1,13.806634902954102,0.10369881101396737,0.2616666853427887,0.4870007097189815,0.404672771692276
2,52.557342529296875,0.1005326230885211,0.2516666650772095,0.4129766020440236,0.4016832113265991
3,74.0484390258789,0.09731543616297464,0.24166667461395264,0.14562775089019306,0.39890599250793457
4,119.01823425292969,0.09731543616297464,0.24166667461395264,0.19140994474926543,0.3957613706588745
5,76.58546447753906,0.09839357421789433,0.24500000476837158,0.2616830748765515,0.3925727903842926
6,82.09217834472656,0.09839357421789433,0.24500000476837158,0.24452301483213912,0.38962769508361816
7,72.20677947998047,0.09839357421789433,0.24500000476837158,0.49245294075497037,0.38686877489089966
8,44.344295501708984,0.1005326230885211,0.2516666650772095,0.4954112584325858,0.3842165470123291
9,35.061790466308594,0.1005326230885211,0.2516666650772095,0.4997092773938209,0.3819596469402313
10,24.353437423706055,0.10369881101396737,0.2616666853427887,0.483319695081011,0.37998974323272705
11,26.979408264160156,0.10369881101396737,0.2616666853427887,0.6104575390419575,0.3779248595237732
12,23.74054527282715,0.09731543616297464,0.24166667461395264,0.48170781970681475,0.37561044096946716
13,30.469318389892578,0.09731543616297464,0.24166667461395264,0.4972286038077199,0.3744347393512726
14,29.577251434326172,0.09731543616297464,0.24166667461395264,0.5176770641873707,0.37401652336120605
15,18.645740509033203,0.09731543616297464,0.24166667461395264,0.6493729797196766,0.3741089701652527
16,3.3168628215789795,0.09839357421789433,0.24500000476837158,0.609255818743314,0.3743384778499603
17,7.235764026641846,0.23278496921259167,0.3516666889190674,0.6686543511449782,0.37486886978149414
18,10.357767105102539,0.1005326230885211,0.2516666650772095,0.6770508343379399,0.37476179003715515
19,14.81458568572998,0.1005326230885211,0.2516666650772095,0.6704160829043967,0.37480300664901733
20,14.94270133972168,0.09839357421789433,0.24500000476837158,0.5674916638066038,0.37498927116394043
21,12.436321258544922,0.09839357421789433,0.24500000476837158,0.5679306272815028,0.37509939074516296
22,13.461149215698242,0.09839357421789433,0.24500000476837158,0.5649782013177613,0.37520918250083923
23,13.414788246154785,0.09839357421789433,0.24500000476837158,0.5623784138163895,0.37532705068588257
24,11.855042457580566,0.09839357421789433,0.24500000476837158,0.5582887066003945,0.3754267990589142
25,9.25284194946289,0.09839357421789433,0.24500000476837158,0.5574792814085097,0.37536221742630005
26,7.815776824951172,0.171213449174479,0.2849999964237213,0.5617985025504799,0.37551119923591614
27,6.36257266998291,0.09839357421789433,0.24500000476837158,0.5532038046179897,0.3758271634578705
28,2.8638155460357666,0.09959349585493368,0.24500000476837158,0.5667105195743516,0.37613150477409363
29,3.7945964336395264,0.09731543616297464,0.24166667461395264,0.5212389443652454,0.3762238323688507
30,6.558901786804199,0.09839357421789433,0.24500000476837158,0.5549327747636214,0.37612640857696533
31,4.897459983825684,0.09839357421789433,0.24500000476837158,0.5532023777770034,0.37589359283447266
32,5.565903186798096,0.09839357421789433,0.24500000476837158,0.5530636073697325,0.37616267800331116
33,4.7618184089660645,0.09839357421789433,0.24500000476837158,0.5532785759071115,0.3763120472431183
34,5.244330406188965,0.09839357421789433,0.24500000476837158,0.5498364872924209,0.3760538101196289
35,3.1535966396331787,0.1005326230885211,0.2516666650772095,0.5588589882549173,0.37595856189727783
36,4.440397262573242,0.1005326230885211,0.2516666650772095,0.5640610858056847,0.3760286569595337
37,4.463724613189697,0.09839357421789433,0.24500000476837158,0.5502524078679271,0.37624481320381165
38,2.154798984527588,0.09839357421789433,0.24500000476837158,0.5539765964889894,0.3765513002872467
39,3.5095999240875244,0.09839357421789433,0.24500000476837158,0.5527464643035058,0.37667182087898254
40,3.1790919303894043,0.09839357421789433,0.24500000476837158,0.5526006611579979,0.37662240862846375
41,3.936558961868286,0.09839357421789433,0.24500000476837158,0.5525446260973268,0.3767109811306
42,4.030752658843994,0.09839357421789433,0.24500000476837158,0.5526465901050981,0.37679120898246765
43,3.2823407649993896,0.09839357421789433,0.24500000476837158,0.5516519203277837,0.3767433762550354
44,2.0982887744903564,0.23940996774261072,0.36000001430511475,0.5546634851665537,0.37678906321525574
45,2.565803289413452,0.1005326230885211,0.2516666650772095,0.5784235552661134,0.3768278956413269
46,3.6522388458251953,0.10161507394298874,0.2516666650772095,0.5582852641545395,0.37694627046585083
47,2.7684009075164795,0.09839357421789433,0.24500000476837158,0.5521603147314054,0.37705326080322266
48,1.9667402505874634,0.09839357421789433,0.24500000476837158,0.5527210029132519,0.377088725566864
49,2.6863529682159424,0.09839357421789433,0.24500000476837158,0.5530681842849037,0.37719884514808655
50,3.173038959503174,0.09839357421789433,0.24500000476837158,0.552806131106917,0.37721821665763855
51,2.6963040828704834,0.09839357421789433,0.24500000476837158,0.5524363519655499,0.3773055970668793
52,1.9643943309783936,0.09839357421789433,0.24500000476837158,0.5526513959810623,0.3772883415222168
53,2.2466018199920654,0.24216396966857667,0.3633333444595337,0.5550822153845967,0.37728366255760193
54,2.682795286178589,0.09839357421789433,0.24500000476837158,0.5516070852259266,0.37737685441970825
55,1.952963948249817,0.09839357421789433,0.24500000476837158,0.5524422728524756,0.37750759720802307
56,2.0269718170166016,0.09839357421789433,0.24500000476837158,0.5536282469262916,0.37770378589630127
57,2.324669599533081,0.09839357421789433,0.24500000476837158,0.5532480018309245,0.37769171595573425
58,2.083833932876587,0.09839357421789433,0.24500000476837158,0.5527291602032011,0.37771373987197876
59,1.8634792566299438,0.09839357421789433,0.24500000476837158,0.5522709204560949,0.3777080774307251
60,2.066291570663452,0.09839357421789433,0.24500000476837158,0.5523242728484307,0.37777429819107056
61,2.1801464557647705,0.09839357421789433,0.24500000476837158,0.5527221501620415,0.37791454792022705
62,1.8171169757843018,0.09839357421789433,0.24500000476837158,0.553958947709838,0.37805938720703125
63,2.211075782775879,0.09839357421789433,0.24500000476837158,0.5538178796680532,0.3780273497104645
64,2.234586000442505,0.09839357421789433,0.24500000476837158,0.5542783861335483,0.37824776768684387
65,1.9729939699172974,0.09839357421789433,0.24500000476837158,0.5543078293346304,0.37829557061195374
66,2.0867655277252197,0.09839357421789433,0.24500000476837158,0.5533866916726637,0.378260999917984
67,2.057964324951172,0.09839357421789433,0.24500000476837158,0.5526536726284952,0.37826550006866455
68,1.9410619735717773,0.09839357421789433,0.24500000476837158,0.5540891406932337,0.37849780917167664
69,1.9572023153305054,0.09839357421789433,0.24500000476837158,0.5550381087818966,0.37859460711479187
70,1.976933240890503,0.09839357421789433,0.24500000476837158,0.5543680720213399,0.3785506784915924
71,1.9125633239746094,0.09839357421789433,0.24500000476837158,0.5536894168702214,0.3786312937736511
72,1.9023706912994385,0.09839357421789433,0.24500000476837158,0.5546459393430418,0.3788062334060669
73,1.9681477546691895,0.09839357421789433,0.24500000476837158,0.5541961288265869,0.37891775369644165
74,1.8780782222747803,0.09839357421789433,0.24500000476837158,0.55435989697199,0.3788864314556122
75,1.8830457925796509,0.09839357421789433,0.24500000476837158,0.5549775968979094,0.378946989774704
76,1.8792712688446045,0.09839357421789433,0.24500000476837158,0.5555960685407699,0.37912341952323914
77,1.9140021800994873,0.09839357421789433,0.24500000476837158,0.5549908273825161,0.37923815846443176
78,1.889283299446106,0.09839357421789433,0.24500000476837158,0.5544224140914015,0.3792789578437805
79,1.853603720664978,0.09839357421789433,0.24500000476837158,0.5541711057580075,0.37925419211387634
80,1.9509812593460083,0.09839357421789433,0.24500000476837158,0.5550015612508745,0.3794327974319458
81,1.801805019378662,0.09839357421789433,0.24500000476837158,0.5560171105972533,0.37955164909362793
82,1.858106017112732,0.09839357421789433,0.24500000476837158,0.5554773069476587,0.3795715570449829
83,1.826103925704956,0.09839357421789433,0.24500000476837158,0.5550581192472384,0.3796203136444092
84,1.8429315090179443,0.09839357421789433,0.24500000476837158,0.5556592976091066,0.3798227906227112
85,1.8798069953918457,0.09839357421789433,0.24500000476837158,0.555904988253033,0.3799036145210266
86,1.7794227600097656,0.09839357421789433,0.24500000476837158,0.5565127844184847,0.3799542784690857
87,1.7919771671295166,0.09839357421789433,0.24500000476837158,0.5567983299088735,0.38001349568367004
88,1.869032859802246,0.09839357421789433,0.24500000476837158,0.5561946052227205,0.3801330029964447
89,1.7774136066436768,0.09839357421789433,0.24500000476837158,0.5563337808265589,0.3802908658981323
90,1.866581916809082,0.09839357421789433,0.24500000476837158,0.5561084368524134,0.3803371787071228
91,1.780576467514038,0.09839357421789433,0.24500000476837158,0.556474353247375,0.38036543130874634
92,1.8285982608795166,0.09839357421789433,0.24500000476837158,0.5572484925166404,0.38052165508270264
93,1.7845135927200317,0.09839357421789433,0.24500000476837158,0.5575158027760307,0.3806656301021576
